city,latitude,longitude,population
Warsaw,52.22977,21.01178,1702139
Łódź,51.77058,19.47395,768755
Kraków,50.06143,19.93658,755050
Wrocław,51.1,17.03333,634893
Poznań,52.40692,16.92993,570352
Gdańsk,54.35227,18.64912,461865
Szczecin,53.42894,14.55302,407811
Bydgoszcz,53.1235,18.00762,366452
Lublin,51.25,22.56667,360044
Katowice,50.25841,19.02754,317316
Białystok,53.13333,23.16433,291855
Gdynia,54.51889,18.53188,257000
Częstochowa,50.79646,19.12409,248125
Sosnowiec,50.28682,19.10385,227295
Radom,51.40253,21.14714,226794
Kielce,50.87033,20.62752,208598
Gliwice,50.29761,18.67658,198835
Toruń,53.01375,18.59814,196935
Zabrze,50.32492,18.78576,192177
Bytom,50.34802,18.93282,189186
Bielsko-Biala,49.82245,19.04686,176515
Olsztyn,53.77995,20.49416,171803
Rzeszów,50.04132,21.99901,158382
Ruda Śląska,50.2584,18.85632,146189
Rybnik,50.09713,18.54179,142510
Tychy,50.13717,18.96641,130000
Białołeka,52.32127,20.97204,129106
Opole,50.67211,17.92533,127676
Elbląg,54.1522,19.40884,127558
Płock,52.54682,19.70638,127474
Wałbrzych,50.77141,16.28432,127431
Gorzów Wielkopolski,52.73679,15.22878,124430
Włocławek,52.64817,19.0678,120339
Zielona Góra,51.93548,15.50643,118433
Tarnów,50.01381,20.98698,117799
Dąbrowa Górnicza,50.33394,19.20479,116971
Chorzów,50.30582,18.9742,113430
Kalisz,51.76109,18.09102,108759
Koszalin,54.19438,16.17222,107450
Legnica,51.21006,16.1619,106033
Słupsk,54.46405,17.02872,98608
Jaworzno,50.20528,19.27498,96541
Jastrzębie Zdrój,49.95542,18.57479,95813
Grudziądz,53.48411,18.75366,92552
Nowy Sącz,49.62177,20.69705,84376
Konin,52.22338,18.25121,81258
Piotrków Trybunalski,51.40547,19.70321,80128
Inowrocław,52.79886,18.26387,77597
Lubin,51.40089,16.20149,77532
Jelenia Góra,50.89973,15.72899,77366
Siedlce,52.16772,22.29006,77185
Piła,53.15145,16.73782,75532
Ostrowiec Świętokrzyski,50.92936,21.38525,73989
Siemianowice Śląskie,50.32738,19.02901,73121
Ostrów Wielkopolski,51.65501,17.80686,72898
Mysłowice,50.20745,19.16668,72124
Stargard,53.33672,15.0499,71224
Pabianice,51.66446,19.35473,70542
Gniezno,52.53481,17.58259,70269
Fordon,53.14821,18.17036,70000
Suwałki,54.11175,22.93087,69222
Tomaszów Mazowiecki,51.53131,20.00855,67197
Przemyśl,49.78498,22.76728,67013
Stalowa Wola,50.58286,22.05334,66495
Zamość,50.72314,23.25196,66034
Kędzierzyn-Koźle,50.34984,18.22606,65636
Głogów,51.66361,16.0845,65400
Wrzeszcz,54.37648,18.60753,65000
Leszno,51.84034,16.57494,63565
Żory,50.04523,18.70062,63174
Bełchatów,51.36883,19.35671,62896
Łomża,53.17806,22.05935,62019
Tarnowskie Góry,50.44548,18.86147,60938
Świdnica,50.84378,16.48859,60351
Chełm,51.14312,23.4716,60231
Tczew,54.09242,18.77787,60133
Piekary Śląskie,50.38017,18.92653,59757
Mielec,50.28709,21.4239,59509
Racibórz,50.09195,18.21928,58464
Będzin,50.32607,19.12565,58236
Zgierz,51.85561,19.40623,58036
Biała Podlaska,52.03238,23.11652,57541
Ełk,53.82824,22.36469,55769
Świętochłowice,50.29636,18.91726,55600
Pruszków,52.17072,20.81214,55371
Ostrołęka,53.08621,21.57566,53740
Starachowice,51.0374,21.07126,53739
Zawiercie,50.48766,19.41679,53159
Legionowo,52.40149,20.92664,50786
Tarnobrzeg,50.57304,21.67937,50459
Puławy,51.41655,21.96939,49759
Wodzisław Śląski,50.00377,18.47205,49521
Skarżysko-Kamienna,51.11311,20.87162,49410
Skierniewice,51.95485,20.15837,49042
Kutno,52.23064,19.36409,48323
Krosno,49.68866,21.77058,47784
Dębica,50.05146,21.41141,47366
Nysa,50.47379,17.33437,47283
Starogard Gdański,53.96396,18.52638,47272
Wejherowo,54.60568,18.23559,46820
Ciechanów,52.88141,20.61996,46438
Rumia,54.57092,18.38802,44791
Radomsko,51.06713,19.44477,44700
Zduńska Wola,51.59915,18.93974,44515
Sieradz,51.59584,18.73023,44436
Kołobrzeg,54.17565,15.58342,44377
Rejon placu Świętego Macieja,51.12056,17.03761,44090
Otwock,52.10577,21.26129,43388
Bieńczyce,50.08809,20.02786,42633
Żyrardów,52.0488,20.44599,41179
Świnoujście,53.91053,14.24712,40919
Bolesławiec,51.26418,15.5697,40682
Nowa Sól,51.80333,15.71702,40354
Świdnik,51.21898,22.69621,40050
Chrzanów,50.13546,19.40203,39973
Knurów,50.21971,18.65067,39744
Sanok,49.55573,22.2056,39684
Mikołów,50.17103,18.9041,38821
Chojnice,53.69554,17.55701,38789
Żary,51.64205,15.13727,38779
Szczecinek,53.70791,16.69937,38496
Sochaczew,52.22944,20.23838,38267
Brzeg,50.86079,17.4674,38259
Jasło,49.74506,21.47252,37851
Olkusz,50.2813,19.56503,37744
Kwidzyn,53.72495,18.93114,37601
Mińsk Mazowiecki,52.17935,21.57251,37027
Oleśnica,51.21338,17.38986,36956
Malbork,54.03591,19.0266,36709
Wołomin,52.34006,21.24207,36592
Piaseczno,52.0814,21.02397,36278
Włochy,52.17941,20.94612,36276
Kraśnik,50.9236,22.22706,35834
Cieszyn,49.75133,18.63213,35586
Jarosław,50.01623,22.67776,35475
Lębork,54.53921,17.75012,35161
Sopot,54.4418,18.56003,35049
Czechowice-Dziedzice,49.91342,19.00479,34703
Police,53.55214,14.57182,34350
Czeladź,50.31542,19.07824,34308
Oświęcim,50.03437,19.21037,34170
Dzierżoniów,50.7282,16.65141,34168
Nowy Targ,49.47783,20.03228,33763
Ostróda,53.69671,19.96486,33524
Myszków,50.5752,19.32461,33273
Zgorzelec,51.14942,15.00835,33247
Oława,50.9466,17.2926,33029
Iława,53.59601,19.56849,32557
Żywiec,49.68529,19.19243,32132
Chełm,54.34048,18.61925,30743
Łuków,51.929,22.37956,30465
Śrem,52.08868,17.01508,30404
Giżycko,54.03811,21.76441,29972
Ujeścisko-Łostowice,54.32435,18.60269,29845
Łowicz,52.10714,19.94525,29809
Augustów,53.84321,22.97979,29752
Turek,52.01548,18.50055,29533
Mława,53.11278,20.3841,29398
Bielawa,50.69075,16.623,29232
Krotoszyn,51.69868,17.43738,29231
Bochnia,49.96905,20.43028,29184
Swarzędz,52.41289,17.08503,29010
Grzegórzki,50.06423,19.96761,28960
Czerwionka-Leszczyny,50.15007,18.67762,28740
Września,52.32512,17.56519,28703
Gorlice,49.65563,21.16035,28609
Gierłoż,54.08134,21.49551,28351
Nowy Dwór Mazowiecki,52.43022,20.71652,27633
Kętrzyn,54.07676,21.37527,27478
Brodnica,53.25967,19.39653,27341
Zakopane,49.29899,19.94885,27266
Piecki-Migowo,54.35698,18.58174,27173
Rejon placu Grunwaldzkiego,51.11669,17.06126,27030
Biłgoraj,50.54114,22.72204,26987
Grodzisk Mazowiecki,52.10387,20.6337,26684
Wyszków,52.59278,21.4584,26500
Bielsk Podlaski,52.76512,23.18647,26493
Luboń,52.34705,16.89267,26431
Szczytno,53.56259,20.98747,26044
Kluczbork,50.97281,18.21816,25978
Wałcz,53.27787,16.47122,25971
Świecie,53.40953,18.44742,25843
Żagań,51.61759,15.31486,25731
Kłodzko,50.43488,16.66145,25717
Wągrowiec,52.80842,17.19961,25648
Jarocin,51.97266,17.50256,25582
Pszczyna,49.98037,18.95382,25288
Sandomierz,50.68265,21.74898,25087
Kabaty,52.13012,21.08148,25000
Nowa Ruda,50.58008,16.50164,24753
Przymorze Wielkie,54.41166,18.5984,24368
Białogard,54.00696,15.98751,24368
Kościan,52.08829,16.64866,24096
Jawor,51.05132,16.19347,23865
Lubliniec,50.66897,18.6844,23784
Skawina,49.97524,19.82869,23647
Pruszcz Gdański,54.26217,18.63625,23618
Koło,52.20024,18.63865,23493
Bartoszyce,54.25354,20.80819,23482
Ząbki,52.29271,21.10539,23473
Środmieście,54.35048,18.65556,23364
Prudnik,50.32124,17.57461,23343
Kościerzyna,54.12226,17.98119,23327
Piastów,52.18435,20.83952,23290
Świebodzice,50.85974,16.31966,23228
Marki,52.32065,21.10474,23177
Zambrów,52.9855,22.24319,22857
Lubartów,51.46026,22.60952,22839
Grajewo,53.64728,22.45537,22803
Drzetowo-Grabowo,53.44888,14.5792,22655
Ostrów Mazowiecka,52.80245,21.89507,22653
Opoczno,51.37569,20.27827,22592
Goleniów,53.56392,14.82854,22505
Lubań,51.12014,15.28768,22245
Płońsk,52.62348,20.37552,22217
Hajnówka,52.74328,23.58122,22157
Łaziska Górne,50.14952,18.84215,21983
Mrągowo,53.86437,21.30507,21965
Andrychów,49.85497,19.33834,21954
Rembertów,52.26059,21.16355,21893
Rydułtowy,50.05857,18.41703,21887
Świebodzin,52.24751,15.53355,21757
Środa Wielkopolska,52.22843,17.27617,21757
Kamienna Góra,50.78314,16.03037,21743
Łęczna,51.30121,22.88135,21719
Wrzeszcz Dolny,54.38473,18.61273,21648
Wieluń,51.22097,18.56964,21624
Polkowice,51.50391,16.07261,21565
Rawicz,51.60946,16.85852,21380
Gryfino,53.25243,14.48831,21270
Działdowo,53.23958,20.17004,21127
Wrzeszcz Górny,54.37978,18.59539,20810
Gostyń,51.88247,17.01225,20771
Końskie,51.19166,20.40607,20756
Rejon ulicy Traugutta,51.10247,17.04827,20617
Ozorków,51.96336,19.29139,20608
Chełmno,53.34855,18.4251,20576
Aleksandrów Łódzki,51.81965,19.30384,20292
Tomaszów Lubelski,50.44767,23.41616,20261
Strzelce Opolskie,50.5107,18.30056,20241
Wesoła,52.25451,21.22407,20000
Pionki,51.47604,21.44995,19966
Orunia Górna-Gdańsk Południe,54.32491,18.61567,19807
Chodzież,52.99505,16.9198,19776
Bieruń,50.09,19.09291,19659
Nakło nad Notecią,53.14214,17.60181,19565
Krasnystaw,50.98464,23.1742,19532
Kęty,49.88214,19.22333,19249
Wadowice,49.88335,19.49292,19238
Pisz,53.62744,21.81253,19232
Sokółka,53.40715,23.50228,19079
Osiedle Kosmonautów,51.12753,16.96186,19048
Pułtusk,52.7025,21.08276,19039
Pyskowice,50.4,18.63333,19018
Gostynin,52.42938,19.46194,18976
Sierpc,52.8568,19.66913,18866
Trzebinia,50.15931,19.46966,18828
Wieliczka,49.98738,20.06473,18677
Międzyrzecz,52.44461,15.57801,18669
Hrubieszów,50.80502,23.89251,18605
Szamotuły,52.61201,16.57794,18588
Łask,51.59056,19.13278,18577
Orzesze,50.15595,18.77923,18438
Sulejówek,52.25221,21.26902,18414
Złotów,53.36346,17.04082,18395
Braniewo,54.37971,19.81959,18356
Konstantynów Łódzki,51.74776,19.32564,18335
Krapkowice,50.47515,17.96539,18275
Łańcut,50.06871,22.22912,18266
Sokołów Podlaski,52.40677,22.25307,18241
Reda,54.60528,18.34717,18116
Sulechów,52.08362,15.62513,18055
Oborniki,52.64739,16.81406,17915
Józefów,52.13707,21.23589,17910
Libiąż,50.10396,19.31568,17834
Kostrzyn nad Odrą,52.58713,14.64953,17778
Dęblin,51.55912,21.84829,17775
Rawa Mazowiecka,51.76437,20.25493,17770
Myślenice,49.83383,19.9383,17686
Kobyłka,52.33953,21.19589,17659
Pleszew,51.89636,17.78549,17640
Słubice,52.35088,14.56065,17567
Zielonka,52.30376,21.16018,17518
Radlin,50.0502,18.47626,17479
Radzionków,50.40026,18.90232,17167
Międzyrzec Podlaski,51.9864,22.78248,17158
Busko-Zdrój,50.47078,20.71884,17095
Kozienice,51.58294,21.54779,17075
Trzcianka,53.04063,16.45629,16914
Brzesko,49.96911,20.60606,16866
Świerczewo,53.4273,14.51303,16860
Jędrzejów,50.63945,20.30454,16792
Boguszów-Gorce,50.75514,16.20494,16726
Bytów,54.17057,17.49187,16724
Gryfice,53.9165,15.20027,16720
Przasnysz,53.01907,20.88029,16718
Nowogard,53.67437,15.1163,16703
Gubin,51.94956,14.72837,16629
Rypin,53.06603,19.40941,16589
Konstancin-Jeziorna,52.0938,21.11761,16548
Lidzbark Warmiński,54.12588,20.57954,16540
Bogatynia,50.90747,14.95634,16460
Łapy,52.9911,22.88422,16434
Namysłów,51.07592,17.72284,16376
Lędziny,50.14264,19.13149,16305
Ustka,54.58048,16.86194,16250
Staszów,50.56307,21.16593,16137
Strzegom,50.96264,16.35006,16106
Radzyń Podlaski,51.78333,22.61667,16071
Osowa,54.43109,18.46727,16021
Olecko,54.03374,22.50704,15923
Garwolin,51.89747,21.61466,15912
Kozanów,51.14447,16.96937,15901
Przeworsk,50.05912,22.49408,15805
Milanówek,52.11879,20.67155,15784
Różanka-Polanka,51.14344,17.01987,15746
Choszczno,53.16905,15.42054,15733
Świdwin,53.77464,15.77671,15725
Ustroń,49.72153,18.80198,15637
Nisko,50.51987,22.13968,15573
Złotoryja,51.12637,15.91979,15564
Łęczyca,52.05959,19.19972,15528
Siemiatycze,52.42719,22.86231,15421
Chełmża,53.18463,18.60466,15403
Jelcz Laskowice,51.02134,17.31649,15340
Łomianki,52.33413,20.88602,15315
Jelcz,51.02102,17.32095,15308
Ropczyce,50.05229,21.60891,15279
Nowy Tomyśl,52.3195,16.12844,15179
Solec Kujawski,53.08371,18.22572,15125
Głuchołazy,50.31505,17.38355,15120
Głowno,51.96463,19.71565,15103
Ząbkowice Śląskie,50.58969,16.81239,15004
Kartuzy,54.33424,18.19735,15002
